{
  "train_loss": [
    1.1181877553462982,
    0.9794350415468216,
    0.9240318387746811,
    0.8607916235923767,
    0.8274843245744705,
    0.8035412430763245,
    0.7818449139595032,
    0.7474076449871063,
    0.7492167949676514,
    0.7193044275045395,
    0.7035468220710754,
    0.6921373307704926,
    0.6879534423351288,
    0.6707711219787598,
    0.6545581519603729,
    0.6522236764431,
    0.6388083100318909,
    0.6312126666307449,
    0.6233193576335907,
    0.6149305403232574,
    0.6217454522848129,
    0.610071137547493,
    0.6024066060781479,
    0.6048182100057602,
    0.595311164855957,
    0.5953031629323959,
    0.588793933391571,
    0.5866927951574326,
    0.5899970382452011,
    0.5831280052661896,
    0.5819070637226105,
    0.5800088495016098,
    0.5781183242797852,
    0.5698669403791428,
    0.5680531710386276,
    0.579019159078598,
    0.5672088712453842,
    0.5671454817056656,
    0.5677211284637451,
    0.5677399337291718,
    0.57190802693367,
    0.5749234110116959,
    0.5713377743959427,
    0.5709540545940399,
    0.5641238391399384,
    0.5706806778907776,
    0.5626843720674515,
    0.5687484443187714,
    0.5645341128110886,
    0.5626249313354492
  ],
  "val_loss": [
    1.133555293083191,
    1.113786518573761,
    1.0950316190719604,
    1.0750411748886108,
    1.0499982833862305,
    0.969309538602829,
    0.8833331763744354,
    0.8385797142982483,
    0.8203101456165314,
    0.806278258562088,
    0.7513890564441681,
    0.6866136789321899,
    0.6644752621650696,
    0.6465827822685242,
    0.6394893825054169,
    0.6281551420688629,
    0.6274102032184601,
    0.6298190355300903,
    0.6382295489311218,
    0.6274011433124542,
    0.6251874268054962,
    0.6214726567268372,
    0.6027294993400574,
    0.6037150919437408,
    0.5951558351516724,
    0.5872759819030762,
    0.5811765491962433,
    0.5759396255016327,
    0.5816000401973724,
    0.5870424509048462,
    0.5860205292701721,
    0.5848247706890106,
    0.5852378010749817,
    0.5774289965629578,
    0.5768088102340698,
    0.5731795132160187,
    0.5720005631446838,
    0.5686228275299072,
    0.5667636692523956,
    0.5675913691520691,
    0.5677660703659058,
    0.5677399039268494,
    0.5674112141132355,
    0.5658897459506989,
    0.5708483457565308,
    0.5669759809970856,
    0.5647469758987427,
    0.5641335248947144,
    0.5665477812290192,
    0.5648898780345917
  ],
  "val_f1": [
    0.08717763895388479,
    9.413979759721958e-05,
    0.011237329919062553,
    0.09926734536663734,
    0.24441412239146088,
    0.4653719150212752,
    0.466695977244893,
    0.5124755469097646,
    0.4983740783916204,
    0.5161718256463547,
    0.5423770100990899,
    0.5766759919907098,
    0.5600166774618209,
    0.5814376968481176,
    0.5737661112859561,
    0.5762579058768535,
    0.5739010043413344,
    0.5587130901466236,
    0.5253089119792258,
    0.5313641527183092,
    0.5226821171093268,
    0.5249765464922433,
    0.5629108741516176,
    0.561867084279329,
    0.5824064252920014,
    0.59059972251159,
    0.5917740158918197,
    0.5984177962783508,
    0.5734200395453969,
    0.5630719729882858,
    0.557254166556699,
    0.5558609896371296,
    0.5507018380794388,
    0.5674111977905749,
    0.571112293034882,
    0.5827468744193955,
    0.5923645784370144,
    0.5994505539350409,
    0.600549281862658,
    0.5886604888776885,
    0.5891307470401435,
    0.5883231411552035,
    0.5797477206880897,
    0.5817247305073502,
    0.5808502234443051,
    0.5833931456493728,
    0.587551882289644,
    0.591614987246531,
    0.589308190142432,
    0.5916240526097465
  ],
  "val_sensitivity": [
    0.05124040860398154,
    4.707433036654252e-05,
    0.005676148893001525,
    0.05238454682199239,
    0.15712723462813571,
    0.45572753896109774,
    0.6269958826652494,
    0.6000525453360885,
    0.5691752649953479,
    0.5470147685778151,
    0.6279806204390308,
    0.7619656299907185,
    0.8349363952686069,
    0.83414401257182,
    0.8364814242066769,
    0.837452465691101,
    0.8471753300052797,
    0.861316574842441,
    0.8785199929063121,
    0.8884701684983729,
    0.8993481942265757,
    0.899923253726197,
    0.8814370601598376,
    0.8822298683464885,
    0.8701567080755251,
    0.8649797026116477,
    0.8726074211213731,
    0.873002439252793,
    0.8883222906013774,
    0.8925217031864645,
    0.8965744248758063,
    0.8995776516780283,
    0.9008939248578631,
    0.8920559700479651,
    0.89099051306158,
    0.8851955074662198,
    0.8785688154889382,
    0.8739224474817892,
    0.8758114982265295,
    0.8842943804651908,
    0.8845344954409614,
    0.8854614415418895,
    0.8934340650876289,
    0.8922889999469134,
    0.8906257306946002,
    0.8909372576896051,
    0.8892542905608324,
    0.887323012321193,
    0.8855931341917523,
    0.886885233012418
  ],
  "val_specificity": [
    0.9951416040798261,
    0.9999999999952522,
    0.999996817511642,
    0.9995858545574735,
    0.9880759884659038,
    0.9306264522268093,
    0.8398443010188255,
    0.8948869795587191,
    0.8976883121023393,
    0.9187654000795145,
    0.901335344054675,
    0.8782646876407647,
    0.8411573025779459,
    0.8565344243591559,
    0.8494577310378872,
    0.8506222938112713,
    0.8442067998828078,
    0.8286326512761879,
    0.796399149796593,
    0.7983278932677793,
    0.7863414733311818,
    0.788210402205862,
    0.8260161623443683,
    0.824067337556718,
    0.8428260484743888,
    0.8514852484106501,
    0.8507521055730245,
    0.8551703498096186,
    0.8325200103393172,
    0.8227880961647078,
    0.8169614194068275,
    0.8148093655935567,
    0.8101871568613779,
    0.826455307145477,
    0.829539932804275,
    0.8400044840215193,
    0.8487096839251635,
    0.8547252357110513,
    0.8551410492362119,
    0.8444007304398875,
    0.844627679168501,
    0.843899064575842,
    0.8352636710161385,
    0.8371011946344273,
    0.8367964897338072,
    0.8386958792924865,
    0.8422045802894516,
    0.8456074602867558,
    0.8445813346886578,
    0.8456818952277164
  ],
  "val_auc": [
    0.6565366059826064,
    0.675760299062188,
    0.7065511669476208,
    0.7662837707561282,
    0.760571433431751,
    0.7703640762826534,
    0.8246800444531341,
    0.8583906344159247,
    0.840228899447661,
    0.8352532721946425,
    0.8516825443544931,
    0.8959585720807213,
    0.9122711975655038,
    0.9175947665056857,
    0.915175897608729,
    0.9170509146874596,
    0.91960526954461,
    0.9188026959028525,
    0.9174508300865678,
    0.9230073316837388,
    0.92537974020418,
    0.9267999271240495,
    0.9284032267933426,
    0.9273681429288976,
    0.9288825912048252,
    0.9294954865078949,
    0.9322125349276931,
    0.9336294178965147,
    0.9335495590231704,
    0.9318165384470609,
    0.9322828818849955,
    0.9335708899110697,
    0.933765969283844,
    0.9336456327948965,
    0.9339647135822793,
    0.9348898926315561,
    0.9346858164741101,
    0.9344177259868457,
    0.9352244055679133,
    0.9355770817035567,
    0.9357080267900852,
    0.9360427710221466,
    0.9370180205774363,
    0.9368788943018806,
    0.9360565208666177,
    0.936919687601093,
    0.9371759264806002,
    0.9375411639772873,
    0.9364449998145598,
    0.9373082247930331
  ]
}