{
  "train_loss": [
    0.7949165850877762,
    0.7527859508991241,
    0.7279573529958725,
    0.6944190412759781,
    0.6735284626483917,
    0.6593802720308304,
    0.643592357635498,
    0.6293669641017914,
    0.6168057918548584,
    0.6088291108608246,
    0.6025270074605942,
    0.5890658050775528,
    0.5780187100172043,
    0.570538192987442,
    0.5682322978973389,
    0.5668391585350037,
    0.5566509068012238,
    0.5474895387887955,
    0.5500369966030121,
    0.5434732288122177,
    0.5431663542985916,
    0.5373502969741821,
    0.5349542796611786,
    0.5307950973510742,
    0.5306122303009033,
    0.5300984382629395,
    0.5217393636703491,
    0.5254885107278824,
    0.5238638669252396,
    0.5149941593408585,
    0.5139808729290962,
    0.512733668088913,
    0.5158917903900146,
    0.510804146528244,
    0.5012744516134262,
    0.5053167641162872,
    0.5015937834978104,
    0.4994150847196579,
    0.4935021176934242,
    0.49803345650434494,
    0.49907656013965607,
    0.49341030418872833,
    0.4935735762119293,
    0.49374643713235855,
    0.49417794495821,
    0.4899803027510643,
    0.4901944175362587,
    0.48356640338897705,
    0.48490380495786667,
    0.4838206395506859,
    0.4814063683152199,
    0.48054981231689453,
    0.48176438361406326,
    0.47961433231830597,
    0.475925549864769,
    0.47547052055597305,
    0.48159659653902054,
    0.47533588856458664,
    0.4714624881744385,
    0.4747442975640297,
    0.47431670129299164,
    0.470258891582489,
    0.47503761947155,
    0.4778497740626335,
    0.46946246176958084,
    0.47156310826539993,
    0.47067122161388397,
    0.4698018431663513,
    0.46996039152145386,
    0.4668152183294296,
    0.47049105912446976,
    0.4642420783638954,
    0.46588200330734253,
    0.46737511456012726,
    0.46457739919424057,
    0.4652355834841728,
    0.4661642834544182,
    0.4643530324101448,
    0.46550749987363815,
    0.4653789773583412,
    0.4619537591934204,
    0.46302158385515213,
    0.4634900391101837,
    0.4646003693342209,
    0.4607921689748764,
    0.4608193412423134,
    0.4646584615111351,
    0.46502474695444107,
    0.4657159298658371,
    0.4636012390255928,
    0.46159693598747253
  ],
  "val_loss": [
    0.7419186532497406,
    0.7185876667499542,
    0.714823305606842,
    0.7026595771312714,
    0.6849561929702759,
    0.6687712371349335,
    0.6518673002719879,
    0.6215883791446686,
    0.6033541560173035,
    0.5915974974632263,
    0.5858500599861145,
    0.5703554749488831,
    0.5678426027297974,
    0.5643646419048309,
    0.5631727278232574,
    0.5510832369327545,
    0.5490666329860687,
    0.5473181009292603,
    0.5538680255413055,
    0.5853432416915894,
    0.551686555147171,
    0.5371399521827698,
    0.5273697674274445,
    0.5320545434951782,
    0.5226490795612335,
    0.5196523368358612,
    0.5360379219055176,
    0.5193508267402649,
    0.5224949419498444,
    0.5198209583759308,
    0.5149117112159729,
    0.5156682431697845,
    0.5158525705337524,
    0.5093353986740112,
    0.5058077275753021,
    0.5020363628864288,
    0.499907985329628,
    0.4997577518224716,
    0.5039597153663635,
    0.5061103254556656,
    0.49774986505508423,
    0.4900146871805191,
    0.4974280744791031,
    0.49871429800987244,
    0.4974090903997421,
    0.4931620955467224,
    0.4880375415086746,
    0.4904792159795761,
    0.488330140709877,
    0.48351985216140747,
    0.4846065938472748,
    0.48633408546447754,
    0.4860647916793823,
    0.48569950461387634,
    0.48003822565078735,
    0.47813382744789124,
    0.4747933894395828,
    0.47450679540634155,
    0.4761448949575424,
    0.47509871423244476,
    0.47454753518104553,
    0.47444745898246765,
    0.47375422716140747,
    0.4695883095264435,
    0.4685342460870743,
    0.4664936512708664,
    0.47614891827106476,
    0.47701872885227203,
    0.4722089022397995,
    0.4687246084213257,
    0.46231989562511444,
    0.4633348137140274,
    0.4637845903635025,
    0.4679710865020752,
    0.4686918407678604,
    0.4702622592449188,
    0.4690993130207062,
    0.4702327847480774,
    0.46773628890514374,
    0.4671953618526459,
    0.4676879495382309,
    0.47050391137599945,
    0.46966877579689026,
    0.46845145523548126,
    0.4710295796394348,
    0.46836964786052704,
    0.467203825712204,
    0.46580368280410767,
    0.4656596779823303,
    0.46492788195610046,
    0.4644153416156769
  ],
  "val_f1": [
    0.09917509611251586,
    0.005592343870519869,
    0.005838062249876995,
    0.051563367883685624,
    0.1340241875953384,
    0.3044456666818728,
    0.46100873198362463,
    0.46338328329535516,
    0.5029703086537503,
    0.48477578668754223,
    0.5204959417570715,
    0.5922216287056756,
    0.624057562645778,
    0.614820431270594,
    0.6031951354762406,
    0.6314451543686423,
    0.6425848882733534,
    0.6218378357321175,
    0.6045961084719966,
    0.5971998940590584,
    0.613410053401793,
    0.6336608909633306,
    0.6551134838024087,
    0.634091729549333,
    0.6613635850624893,
    0.6712490810613755,
    0.6509484958790974,
    0.6682031861808342,
    0.6469694254518792,
    0.6446719469434987,
    0.6477452964122212,
    0.6488549272182863,
    0.6486917077010508,
    0.6613595577985119,
    0.6673771643351507,
    0.6760538186262535,
    0.6779761211902111,
    0.6789381963383893,
    0.6686693391624994,
    0.6622836375337018,
    0.684279889464408,
    0.6965762048804524,
    0.6684489421151589,
    0.661837438257352,
    0.6774098067314921,
    0.6855550798968596,
    0.6900625808419978,
    0.6855639191049417,
    0.6822686250433513,
    0.6936980099413425,
    0.6936543143589562,
    0.687961516886507,
    0.6851703400479849,
    0.6860069201212009,
    0.6923787169959243,
    0.6986841304584287,
    0.6995604511670762,
    0.6986988688181542,
    0.6966611280397375,
    0.6957198328211285,
    0.7021219617707033,
    0.6988674248403122,
    0.6984334788237121,
    0.7080760706400089,
    0.7142665079017169,
    0.7091761277942035,
    0.6908805231180302,
    0.6844867508083652,
    0.69467441979977,
    0.7042895090875296,
    0.7153886761438999,
    0.7133276809997188,
    0.7064715247712199,
    0.7012562322640509,
    0.7039481205402167,
    0.7030503550380307,
    0.7027591192831847,
    0.7005359546362466,
    0.7025182448312337,
    0.7051624233751803,
    0.7025798603302166,
    0.7015973292874707,
    0.7005748641738109,
    0.6998407580969526,
    0.6982783444190028,
    0.7010742405717156,
    0.7023474554727371,
    0.7029773826089886,
    0.7062430898254486,
    0.7040061245662492,
    0.7036884725700074
  ],