{
  "train_loss": [
    0.765403538942337,
    0.7380181550979614,
    0.7190459668636322,
    0.6985743343830109,
    0.6802456080913544,
    0.6657608151435852,
    0.6404681950807571,
    0.6314717233181,
    0.6180061995983124,
    0.6011127382516861,
    0.5918592065572739,
    0.5836259871721268,
    0.574934646487236,
    0.5678078830242157,
    0.5563924014568329,
    0.5530770570039749,
    0.5509148240089417,
    0.5412594676017761,
    0.5439940243959427,
    0.536618247628212,
    0.5333587676286697,
    0.5329526513814926,
    0.5238523483276367,
    0.5208827555179596,
    0.5217620730400085,
    0.5179698914289474,
    0.5115591064095497,
    0.5136101692914963,
    0.5066697895526886,
    0.5065455287694931,
    0.5043337568640709,
    0.5047970116138458,
    0.5061870962381363,
    0.4986303597688675,
    0.4949699267745018,
    0.4947616308927536,
    0.4956201761960983,
    0.4926415756344795,
    0.48942796885967255,
    0.4880502074956894,
    0.4823959618806839,
    0.48413095623254776,
    0.48358456790447235,
    0.4821959286928177,
    0.48572687804698944,
    0.4800838455557823,
    0.4781466871500015,
    0.47180720418691635,
    0.47486962378025055,
    0.47730812430381775,
    0.47170304507017136,
    0.46867602318525314,
    0.4737008437514305,
    0.4734574854373932,
    0.47250258922576904,
    0.46439870446920395,
    0.47030460834503174,
    0.4668451249599457,
    0.46288156509399414,
    0.4629039019346237,
    0.4600362926721573,
    0.4566335380077362,
    0.45947902649641037,
    0.46390921622514725,
    0.45996836572885513,
    0.4594712406396866,
    0.4598230794072151,
    0.4579654410481453,
    0.45562395453453064,
    0.45938460528850555,
    0.45792609453201294,
    0.4573827162384987,
    0.45410072058439255,
    0.4536043331027031,
    0.4565645009279251,
    0.4538928270339966,
    0.4539060667157173,
    0.4537150114774704,
    0.4541272595524788,
    0.4518281817436218,
    0.44790977984666824,
    0.45017504692077637,
    0.4519590511918068,
    0.45306365191936493,
    0.45145073533058167,
    0.45183976739645004,
    0.4545656070113182,
    0.44819502532482147,
    0.4498080536723137,
    0.45842045545578003,
    0.44535958766937256,
    0.4518478065729141,
    0.4468129575252533,
    0.45310527831315994,
    0.4534012973308563,
    0.4494207948446274,
    0.45742788910865784,
    0.45378464460372925,
    0.4486342519521713,
    0.4510875344276428
  ],
  "val_loss": [
    0.8186901807785034,
    0.7711413502693176,
    0.7353783249855042,
    0.6979927122592926,
    0.6642876863479614,
    0.6412285268306732,
    0.63021120429039,
    0.6105215847492218,
    0.6044756770133972,
    0.6131872832775116,
    0.5886043012142181,
    0.60160893201828,
    0.5717856585979462,
    0.5670013427734375,
    0.5591309070587158,
    0.5493859052658081,
    0.5423563718795776,
    0.5396430790424347,
    0.5851286053657532,
    0.5442158877849579,
    0.5295631885528564,
    0.5409275889396667,
    0.5358652472496033,
    0.5238496661186218,
    0.5229269862174988,
    0.514606773853302,
    0.5191806852817535,
    0.5108706951141357,
    0.5076257586479187,
    0.5047967731952667,
    0.5152691900730133,
    0.5129767954349518,
    0.5080874860286713,
    0.5053513944149017,
    0.5019298791885376,
    0.49557986855506897,
    0.49101993441581726,
    0.49602851271629333,
    0.49753233790397644,
    0.49583977460861206,
    0.565048485994339,
    0.5408749878406525,
    0.5224456191062927,
    0.5044544637203217,
    0.48327215015888214,
    0.4800572991371155,
    0.4800563454627991,
    0.4793865531682968,
    0.47897447645664215,
    0.47677376866340637,
    0.4781372845172882,
    0.48652641475200653,
    0.4859876334667206,
    0.4751602113246918,
    0.469826802611351,
    0.47333016991615295,
    0.46772223711013794,
    0.4687332957983017,
    0.4729800224304199,
    0.4667850285768509,
    0.4695712774991989,
    0.47356729209423065,
    0.473766952753067,
    0.46662551164627075,
    0.4610733091831207,
    0.45952215790748596,
    0.4609094113111496,
    0.46006831526756287,
    0.4608824998140335,
    0.46133802831172943,
    0.45983991026878357,
    0.4569769948720932,
    0.4581943452358246,
    0.45826150476932526,
    0.4564557522535324,
    0.45659855008125305,
    0.45456109941005707,
    0.45383310317993164,
    0.45506593585014343,
    0.4552585631608963,
    0.4554548114538193,
    0.4585314840078354,
    0.46057747304439545,
    0.4587358683347702,
    0.45877067744731903,
    0.455072358250618,
    0.45317718386650085,
    0.45414839684963226,
    0.45512230694293976,
    0.4562525004148483,
    0.45347651839256287,
    0.4526778757572174,
    0.4510947912931442,
    0.4554123133420944,
    0.4543800801038742,
    0.4549955576658249,
    0.4543096125125885,
    0.4536154866218567,
    0.45293672382831573,
    0.4548591077327728
  ],
  "val_f1": [
    0.2600964853042701,
    0.29609166192112557,
    0.330365915626475,
    0.35191096499976193,
    0.3949533297067328,
    0.4478691618712982,
    0.47646932738451186,
    0.5286408320384177,
    0.5573474300914161,
    0.528545053755915,
    0.5552445466340439,
    0.5395162406927938,
    0.5789459003745177,
    0.589222913236106,
    0.612917943373543,
    0.625273765912396,
    0.6304659591123325,
    0.6387811694302907,
    0.5706512394665914,
    0.6175907596774546,
    0.6519635961392617,
    0.6166695358927778,
    0.6301723524573943,
    0.6505912863747967,
    0.648061323746203,
    0.6605674268213517,
    0.651469142333005,
    0.6587463062352295,
    0.6673527859678905,
    0.674806265114064,
    0.6495017878521009,
    0.6457539551131928,
    0.6548345401482711,
    0.6587663908387866,
    0.6669552029326504,
    0.6759935275435806,
    0.6797566940794126,
    0.6690817019286243,
    0.6661743058571458,
    0.675153394601707,
    0.5883322928422856,
    0.5984312689444291,
    0.6170423698623242,
    0.6451160055749585,
    0.6807111020820005,
    0.6855922608040839,
    0.682770079852417,
    0.684690061535033,
    0.6840227645233823,
    0.6872334818795469,
    0.6858076156504531,
    0.6675960341524143,
    0.6666711064084181,
    0.6789853550839624,
    0.6846170332679999,
    0.6784567203321816,
    0.6852733295264286,
    0.6845484692589994,
    0.68034822054794,
    0.6920751455739633,
    0.688974412264364,
    0.6818098634868216,
    0.6785824704426098,
    0.6872257122133493,
    0.6955977914483031,
    0.699508543839221,
    0.6965303640503879,
    0.6947122390077911,
    0.6913957751840618,
    0.6888900946244411,
    0.6936955817464134,
    0.6973562834924096,
    0.6966666035838625,
    0.6958954433779262,
    0.6974160468675639,
    0.6970058361525033,
    0.7001411106624863,
    0.7015850781717456,
    0.6996811895933094,
    0.7000640697121063,
    0.6995125820400196,
    0.6982445935434065,
    0.6982574209793536,
    0.7003885746115623,
    0.7004381197162848,
    0.7031212115787442,
    0.7025145811797193,
    0.7027942478441924,
    0.7026187779335049,
    0.6991841936205679,
    0.700476421495735,
    0.6998755688820367,
    0.7005543712159777,
    0.6978614139992412,
    0.7006386927089603,
    0.6993797858538175,
    0.7006289417447973,
    0.7020399038690713,
    0.7012433449419437,
    0.7003514194993656
  ],