{
  "train_loss": [
    0.8264865428209305,
    0.7930416613817215,
    0.7747734487056732,
    0.7556920796632767,
    0.7437323927879333,
    0.739745482802391,
    0.729360818862915,
    0.7244476079940796,
    0.714928075671196,
    0.7146411389112473,
    0.7102397382259369,
    0.7049999982118607,
    0.69141885638237,
    0.6905263364315033,
    0.6914317011833191,
    0.682796448469162,
    0.6844988763332367,
    0.6740274876356125,
    0.6798871755599976,
    0.6748867332935333,
    0.6757620126008987,
    0.6733689904212952,
    0.668456420302391,
    0.6675031036138535,
    0.6676304191350937,
    0.6673047989606857,
    0.6637239754199982,
    0.664154514670372,
    0.6679023206233978,
    0.6551713347434998,
    0.6555684357881546
  ],
  "val_loss": [
    0.8562735617160797,
    0.8544776141643524,
    0.8506320118904114,
    0.8477553129196167,
    0.8397052884101868,
    0.8048897385597229,
    0.7718344628810883,
    0.7505903244018555,
    0.7359853684902191,
    0.7432984709739685,
    0.7152214646339417,
    0.6879000663757324,
    0.683798223733902,
    0.6778852939605713,
    0.6770862936973572,
    0.6774083375930786,
    0.6791112720966339,
    0.6784602999687195,
    0.6824694871902466,
    0.6854815483093262,
    0.691190093755722,
    0.6855032742023468,
    0.6736623644828796,
    0.6717987656593323,
    0.6726559400558472,
    0.6694521903991699,
    0.6719369292259216,
    0.6700127124786377,
    0.6712286174297333,
    0.6702268123626709,
    0.6678592562675476
  ],
  "val_f1": [
    0.05932772017793278,
    0.0,
    0.0,
    0.0,
    0.11813928828795836,
    0.3915513908007799,
    0.44943429011423164,
    0.4301270966805345,
    0.4865804055030051,
    0.47337167095683036,
    0.5016509234562596,
    0.5360072215669377,
    0.5254065733255491,
    0.5265195875292833,
    0.5405186465091945,
    0.543428494662615,
    0.5169974096634377,
    0.518852051339979,
    0.5069978850493169,
    0.47222045251023625,
    0.44019989400442805,
    0.47694524381558007,
    0.5317790756722058,
    0.5280212727676359,
    0.5281704706349527,
    0.5353330030220165,
    0.5260235044342711,
    0.53570989309026,
    0.5305279714536452,
    0.5358016035603882,
    0.5352617687783996
  ],
  "val_sensitivity": [
    0.03225768488367326,
    0.0,
    0.0,
    0.0,
    0.06506342784688114,
    0.33635224705926636,
    0.5261561983314085,
    0.5860273878769171,
    0.5602481441213297,
    0.47030307544681793,
    0.596218382219586,
    0.7738312918155342,
    0.8284234416359255,
    0.8125751910719677,
    0.8174119911304081,
    0.8264131050492202,
    0.85817664522519,
    0.8642089938725097,
    0.8890498678104024,
    0.910852252891659,
    0.9224607312642279,
    0.913854842499895,
    0.8916957239818639,
    0.8930344669619695,
    0.8955944741193238,
    0.8924556118669855,
    0.902566501303546,
    0.9015575891705951,
    0.9081065247573358,
    0.9075817692513719,
    0.9098138134501683
  ],
  "val_specificity": [
    0.998475490452203,
    0.9999999999952522,
    0.9999999999952522,
    0.9999999999952522,
    0.9984050622105554,
    0.947371130832098,
    0.8880184122593218,
    0.8419960392707176,
    0.8966510871783702,
    0.9289724762414115,
    0.8901646464513495,
    0.8458882355750102,
    0.8164588901247523,
    0.8236545274098006,
    0.8328320329388362,
    0.831604714715284,
    0.79750197985782,
    0.796632752483988,
    0.7759896297360971,
    0.7280300575238403,
    0.6823611401131295,
    0.7332345783370919,
    0.7975711268252412,
    0.7938067749722986,
    0.7929731708383982,
    0.8004245469182184,
    0.7882367218067101,
    0.7973362786189184,
    0.7901997844892573,
    0.7950504810631713,
    0.79375849985392
  ],
  "val_auc": [
    0.6484848755653236,
    0.7079717600398783,
    0.7276487579427373,
    0.7745291843991443,
    0.776590075794231,
    0.7764735706221154,
    0.8023025722970902,
    0.7953537391184167,
    0.8266709932337377,
    0.8073295165455285,
    0.8246014018562147,
    0.8885787831644985,
    0.9007702179170466,
    0.8972431946931297,
    0.9027267523815483,
    0.9084189979890842,
    0.9105310423722401,
    0.9123196927575881,
    0.9172667634436382,
    0.9208718306748345,
    0.9176757857900444,
    0.9222867968094856,
    0.9248394670422031,
    0.9248780122686491,
    0.9265936070546729,
    0.9284098197031174,
    0.9296796659598903,
    0.931200278710598,
    0.9324762462113112,
    0.9331135424778945,
    0.9348700169136186
  ]
}