{
  "train_loss": [
    0.9727079421281815,
    0.8881237357854843,
    0.8527382612228394,
    0.811968594789505,
    0.7898434698581696,
    0.7772717177867889,
    0.7605181038379669,
    0.7410812973976135,
    0.7391607463359833,
    0.7229510992765427,
    0.712378054857254,
    0.7039346992969513,
    0.694971039891243,
    0.6858179271221161,
    0.677489623427391,
    0.673678383231163,
    0.6668483763933182,
    0.6583843529224396,
    0.6577385812997818,
    0.6502690464258194,
    0.6554016023874283,
    0.6470495015382767,
    0.6416281759738922,
    0.642477810382843,
    0.6372779905796051,
    0.6375000476837158,
    0.6329398453235626,
    0.6312340050935745,
    0.636134460568428,
    0.626788005232811,
    0.6251440793275833,
    0.6248409599065781,
    0.625618502497673,
    0.6209134757518768,
    0.6150690466165543,
    0.6237635463476181,
    0.6165641099214554,
    0.617942601442337,
    0.6139688938856125,
    0.6177553832530975,
    0.6213394403457642,
    0.6189285218715668,
    0.6202559769153595,
    0.6187260746955872,
    0.6157108545303345,
    0.6194484233856201,
    0.6142093390226364,
    0.6152857542037964,
    0.6140508502721786,
    0.6133869737386703
  ],
  "val_loss": [
    0.9947805106639862,
    0.9837651252746582,
    0.972790390253067,
    0.9589313864707947,
    0.9424469172954559,
    0.8906150460243225,
    0.8312051296234131,
    0.8077592849731445,
    0.7908522188663483,
    0.7785288095474243,
    0.7398179769515991,
    0.6977802515029907,
    0.6839374899864197,
    0.6733127534389496,
    0.668900728225708,
    0.6596333980560303,
    0.6606640815734863,
    0.6618571281433105,
    0.6668405532836914,
    0.6626712083816528,
    0.6663435995578766,
    0.6647710800170898,
    0.6500464379787445,
    0.6490107774734497,
    0.6446442008018494,
    0.6386168301105499,
    0.6350444853305817,
    0.6301185786724091,
    0.6334903240203857,
    0.636450320482254,
    0.6345954537391663,
    0.6340664625167847,
    0.633480429649353,
    0.6262263655662537,
    0.6262165307998657,
    0.6252720952033997,
    0.6257544159889221,
    0.6232859492301941,
    0.6217242479324341,
    0.6230498552322388,
    0.6234790086746216,
    0.6235195398330688,
    0.6228011548519135,
    0.6216301321983337,
    0.6255202889442444,
    0.6218967139720917,
    0.6211076080799103,
    0.6204057931900024,
    0.6229950785636902,
    0.621239185333252
  ],
  "val_f1": [
    0.08222892794351774,
    0.0,
    0.0034356692946555228,
    0.09009182350693212,
    0.22819877801994273,
    0.44246544317372494,
    0.4569030762680337,
    0.5021130994272811,
    0.5004413738042047,
    0.512774786987153,
    0.5373352363502968,
    0.5769648239845855,
    0.5795464113117805,
    0.5901672138538736,
    0.585439458756704,
    0.5842886832224158,
    0.5721936828997105,
    0.559410191699699,
    0.5234734660381992,
    0.5186501832858547,
    0.501936045481086,
    0.5056887929588626,
    0.5463329428277353,
    0.5506937366620273,
    0.5671081687607304,
    0.5778989825749807,
    0.580764922906805,
    0.5906032989318525,
    0.5726591538946849,
    0.5608344292941725,
    0.5568004899027257,
    0.5551446456892042,
    0.554607130621684,
    0.5714295272295616,
    0.5757607495263468,
    0.5838799376903504,
    0.5887270332273915,
    0.5929511425418366,
    0.5938950762434714,
    0.5824552380871995,
    0.5843786687814073,
    0.5850927490932789,
    0.5781482261478035,
    0.581053132410107,
    0.5802829121062838,
    0.5840407524383397,
    0.5875905595844249,
    0.5902490388647832,
    0.5869726661571028,
    0.5894988192683717
  ],
  "val_sensitivity": [
    0.0474626935920665,
    0.0,
    0.0017237569060011598,
    0.04730770773075797,
    0.14259061743160453,
    0.4023352737700875,
    0.6210493944757824,
    0.5563401419276066,
    0.5565545850083687,
    0.5443407952469308,
    0.630013666098682,
    0.7604263311174597,
    0.8198492310347658,
    0.8147686676100827,
    0.8173914604806485,
    0.8240766687114913,
    0.8435466637668023,
    0.8590306542024915,
    0.8801114797866332,
    0.8941857729624622,
    0.9063013677513838,
    0.9075408483940606,
    0.8922663668169442,
    0.8897164075584751,
    0.8797481788306847,
    0.8720628642274201,
    0.879171964579429,
    0.8770230411642899,
    0.8899635040995386,
    0.8953302446025526,
    0.8986967125425542,
    0.9012834589598295,
    0.900908465364266,
    0.8919339710690375,
    0.8904670480683959,
    0.8873590150811228,
    0.8833779722522433,
    0.8809097558779297,
    0.8810987502115508,
    0.8884688342922322,
    0.8878410531030922,
    0.8890437902803237,
    0.8945151299453296,
    0.8929854810496449,
    0.8909045605359429,
    0.8900407705009843,
    0.8886796014139691,
    0.8874922489601857,
    0.8880140093944713,
    0.8882915050296731
  ],
  "val_specificity": [
    0.9960447272896202,
    0.9999999999952522,
    0.9999999999952522,
    0.9996197683258974,
    0.9908511338299646,
    0.9407144775274763,
    0.8337677382026312,
    0.9069600039713979,
    0.9054688725143456,
    0.9178592134775699,
    0.8974958521365284,
    0.8789452333383545,
    0.8603933706351421,
    0.8684263988516059,
    0.8637243684667626,
    0.8610780671890584,
    0.8450790612196388,
    0.8308454629931277,
    0.794709345374149,
    0.7849295553075759,
    0.7640311674906686,
    0.7672275565478938,
    0.809159807472502,
    0.8127050416820971,
    0.828857764199117,
    0.8406391534458189,
    0.8409468329928507,
    0.8485590499674046,
    0.8313676610156382,
    0.8201421875680217,
    0.8159471803297762,
    0.8137205293764449,
    0.8134396495917887,
    0.8296630248548873,
    0.8333015558947272,
    0.8402836069730546,
    0.8448649863434443,
    0.8483984834691736,
    0.8492289691483089,
    0.8388837128430766,
    0.8404331226626317,
    0.8406585941251699,
    0.833873650458705,
    0.8365244868754325,
    0.8365151891042111,
    0.839628679089473,
    0.8425608059043364,
    0.8448027563442426,
    0.8423281111174655,
    0.8439574936407551
  ],
  "val_auc": [
    0.6562828251079453,
    0.6852802561613314,
    0.7087235547267151,
    0.7630139696087236,
    0.7600272161971577,
    0.7957210925844177,
    0.8281505033741263,
    0.8510617310675497,
    0.8415057645284907,
    0.8327921018422291,
    0.8496376626005218,
    0.8958456252612498,
    0.9132238559307726,
    0.9163920138165218,
    0.9128831264266909,
    0.9166503333563322,
    0.9187039289465893,
    0.9177471139313385,
    0.9174688508362413,
    0.9235569405037412,
    0.9246768785749149,
    0.9264483213179321,
    0.9285069503830863,
    0.9278180316063782,
    0.9291539903954703,
    0.9298542064877857,
    0.9325654259475961,
    0.9342729382439872,
    0.9343765509310754,
    0.9331657267255534,
    0.9338184803869156,
    0.9347850081122904,
    0.934871161114714,
    0.9351921619444741,
    0.9357640544321114,
    0.9363351194684029,
    0.936242059396017,
    0.9361343479000678,
    0.9362415956946252,
    0.9360761413117236,
    0.9361941236973473,
    0.9367730328413966,
    0.9374190693854663,
    0.9371301948956052,
    0.9363931701021806,
    0.9371856174931799,
    0.9375860610704838,
    0.9379339786660557,
    0.9369958386003197,
    0.9377741948921349
  ]
}